name,url,description,size,stars,watchers,language,forks,commits,authors,lines_of_code,lines_of_comments,lines_blank
gatzka_android-scan,https://github.com/gatzka/android-scan,,8846,0,0,Java,0,682,2,-1,-1,-1
usgs_nshmp-haz-ws,https://github.com/usgs/nshmp-haz-ws,National Seismic Hazard Mapping Project (NSHMP) Web Service Code,4904,4,4,JavaScript,7,967,7,-1,-1,-1
TakaoNishidaBBT_B-studio,https://github.com/TakaoNishidaBBT/B-studio,Contents Management System,58796,3,3,JavaScript,2,1642,6,-1,-1,-1
atom_superstring,https://github.com/atom/superstring,Native core components for Atom,2014,108,108,JavaScript,29,1056,13,-1,-1,-1
MIPS_packages-services-Telecomm,https://github.com/MIPS/packages-services-Telecomm,,9448,0,0,Java,0,6660,137,-1,-1,-1
Tencent_TSW,https://github.com/Tencent/TSW,Tencent Server Web,1935,1503,1503,JavaScript,146,761,46,-1,-1,-1
xiexin01_xiexin,https://github.com/xiexin01/xiexin,,12853,0,0,JavaScript,0,537,8,-1,-1,-1
jaya0245_JSOUP,https://github.com/jaya0245/JSOUP,,1574,0,0,Java,0,1636,89,-1,-1,-1
praspadm_marbles-20180825032754298,https://github.com/praspadm/marbles-20180825032754298,Created for toolchain: https://console.ng.bluemix.net/devops/toolchains/d6cc797a-6e71-4fbe-95f9-82820e8cf147?env_id=ibm%3Ayp%3Aus-south,44004,0,0,JavaScript,0,1180,40,-1,-1,-1
drdn_2018-11-09-umd,https://github.com/drdn/2018-11-09-umd,Test Workshop Page,2964,0,0,Python,0,1334,144,-1,-1,-1
Swydo_ddp-apollo,https://github.com/Swydo/ddp-apollo,DDP link for Apollo with GraphQL Subscriptions support,263,127,127,JavaScript,8,797,7,-1,-1,-1
SolarNetwork_solarnetwork-node,https://github.com/SolarNetwork/solarnetwork-node,Distributed SolarNode components for collecting data.,44140,3,3,Java,11,2650,8,-1,-1,-1
fedora-infra_pdc-updater,https://github.com/fedora-infra/pdc-updater,Update the product-definition-center from fedmsg,49597,3,3,Python,11,605,17,-1,-1,-1
candlepin_subscription-manager,https://github.com/candlepin/subscription-manager,A GUI and CLI client for Candlepin,46613,32,32,Python,76,12429,152,-1,-1,-1
Kappa-Dev_Kappa-Dev.github.io,https://github.com/Kappa-Dev/Kappa-Dev.github.io,Kappa Crew technical website,425607,1,1,JavaScript,0,4660,6,-1,-1,-1
cea-sec_ivre,https://github.com/cea-sec/ivre,Network recon framework.,15268,1535,1535,Python,420,2329,50,-1,-1,-1
fuhuilin_douban,https://github.com/fuhuilin/douban,,1975,0,0,Python,0,1465,44,-1,-1,-1
qwazr_search,https://github.com/qwazr/search,Apache Lucene Microservice,4605,5,5,Java,7,957,4,-1,-1,-1
gridgentoo_realtime-olap,https://github.com/gridgentoo/realtime-olap,–ê—Ä—Ö–∏—Ç–µ–∫—Ç—É—Ä–∞ Realtime OLAP datastore,163779,0,0,Java,0,6195,124,-1,-1,-1
DiabeticTurtle_NightScoutReskin,https://github.com/DiabeticTurtle/NightScoutReskin,Nightscout Reskin,10042,0,0,JavaScript,0,5297,169,-1,-1,-1
Denzeldeveloper_haven,https://github.com/Denzeldeveloper/haven,,23773,0,0,Java,0,851,52,-1,-1,-1
ksamuk_2016-12-01-miskatonic,https://github.com/ksamuk/2016-12-01-miskatonic,,3100,0,0,Python,0,1501,161,-1,-1,-1
public-transport_hafas-client,https://github.com/public-transport/hafas-client,JavaScript client for HAFAS public transport APIs.,1384,66,66,JavaScript,17,1163,16,-1,-1,-1
eclipseguru_eclipse.jdt.core,https://github.com/eclipseguru/eclipse.jdt.core,Fork of Eclipse JDT Core,101000,0,0,Java,0,23657,154,-1,-1,-1
yegor256_rultor,https://github.com/yegor256/rultor,DevOps Team Assistant,92546,384,384,Java,116,5979,93,-1,-1,-1
spring-cloud_spring-cloud-deployer-cloudfoundry,https://github.com/spring-cloud/spring-cloud-deployer-cloudfoundry,The Spring Cloud Deployer implementation for Cloud Foundry,38477,17,17,Java,28,567,26,-1,-1,-1
farin_JCloisterZone,https://github.com/farin/JCloisterZone,Java implementation of Carcassonne board game,110894,205,205,Java,86,1378,53,-1,-1,-1
floragunncom_search-guard-authbackend-jwt,https://github.com/floragunncom/search-guard-authbackend-jwt,[OUTDATED] Provide JWT (JSON Web Token) authentication for Search Guard,2412,6,6,Java,2,1506,16,-1,-1,-1
kucrut_minnie,https://github.com/kucrut/minnie,React-based WordPress Client,1418,15,15,JavaScript,0,1007,2,-1,-1,-1
renzon_antigonovo,https://github.com/renzon/antigonovo,Exemplo de webiste em Django,848,1,1,JavaScript,3,808,10,-1,-1,-1
deiga_Carpenter,https://github.com/deiga/Carpenter,NodeJS project to list shared steam games among people ,15232,0,0,JavaScript,0,592,14,-1,-1,-1
tessel_t2-cli,https://github.com/tessel/t2-cli,Tessel 2 Command Line Interface,2247,109,109,JavaScript,54,1945,70,-1,-1,-1
k-kbox_cordova-plugin-jpush,https://github.com/k-kbox/cordova-plugin-jpush,,51177,0,0,JavaScript,0,641,30,-1,-1,-1
whiskeysierra_compass,https://github.com/whiskeysierra/compass,Config Management Service,1891,1,1,Java,1,742,7,-1,-1,-1
spotify_reactochart,https://github.com/spotify/reactochart,:chart_with_upwards_trend: React chart component library :chart_with_downwards_trend: - https://spotify.github.io/reactochart/docs/,59946,114,114,JavaScript,30,831,37,-1,-1,-1
ahhqlrg_kayuan,https://github.com/ahhqlrg/kayuan,Á®ãÂ∫èÂëòÂç°ÁåøÊùØ,30600,0,0,JavaScript,0,3352,112,-1,-1,-1
KatherineSan19_practica,https://github.com/KatherineSan19/practica,,5716,0,0,JavaScript,0,1403,235,-1,-1,-1
jquery_jquery,https://github.com/jquery/jquery,jQuery JavaScript Library,29656,51887,51887,JavaScript,18306,14284,1345,-1,-1,-1
poketo_poketo-reader,https://github.com/poketo/poketo-reader,Web app for reading and following manga series,4629,17,17,JavaScript,1,771,2,-1,-1,-1
sakazz_exchange,https://github.com/sakazz/exchange,exchange,157872,0,0,Java,1,3421,62,-1,-1,-1
adamtheturtle_vws-python-mock,https://github.com/adamtheturtle/vws-python-mock,Mock of the Vuforia Web Services (VWS) API,3285,1,1,Python,0,4026,4,-1,-1,-1
fansay521_kube-efk,https://github.com/fansay521/kube-efk,chinalife efk on kubenetes ,6682,0,0,Python,0,2242,193,-1,-1,-1
shildenbrand_GloboNetworkAPI,https://github.com/shildenbrand/GloboNetworkAPI,,4519,0,0,Python,0,3164,51,-1,-1,-1
nutritionfactsorg_daily-dozen-android,https://github.com/nutritionfactsorg/daily-dozen-android,"Keep track of the foods that Dr. Greger recommends in his NYT's best-selling book, How Not to Die with this Android app",55624,145,145,Java,67,699,43,-1,-1,-1
openregister_openregister-java,https://github.com/openregister/openregister-java,Registers reference implementation,17906,7,7,Java,4,3710,73,-1,-1,-1
guaix-ucm_pyemir,https://github.com/guaix-ucm/pyemir,EMIR (Espectr√≥grafo Multi Objecto Infrarrojo) is a facility instrument designed for the 10.4m GTC telescope in La Palma (Spain). This packages provides de Data Reduction Pipeline,72014,4,4,Python,5,2148,7,-1,-1,-1
daniel-infosec_forseti-security,https://github.com/daniel-infosec/forseti-security,Forseti fork,33067,0,0,Python,0,1972,79,-1,-1,-1
avrae_avrae,https://github.com/avrae/avrae,A Discord bot to streamline running D&D 5e.,6023,49,49,Python,32,2039,9,-1,-1,-1
karlzipser_kzpy3.2,https://github.com/karlzipser/kzpy3.2,python code for BDD project,55124,1,1,Python,4,4417,12,-1,-1,-1
zomnilabs_cliqnship-os,https://github.com/zomnilabs/cliqnship-os,,33178,0,0,JavaScript,0,632,4,-1,-1,-1
SMAPPNYU_smapputil,https://github.com/SMAPPNYU/smapputil,"‚öô smapputil is a repository with javascript , python, and bash scripts for doing things.",676,7,7,Python,3,615,14,-1,-1,-1
Craigy-_FSS,https://github.com/Craigy-/FSS,Advanced football statistics system.,8135,1,1,JavaScript,1,995,7,-1,-1,-1
tudelft3d_cityjson,https://github.com/tudelft3d/cityjson,A compact and developer-friendly JSON-based encoding of the CityGML data model,53318,49,49,Python,12,778,11,-1,-1,-1
dy425581723_java-,https://github.com/dy425581723/java-,,1238,0,0,Java,0,1047,61,-1,-1,-1
Amara-Shaukat_2018-08-24-otago,https://github.com/Amara-Shaukat/2018-08-24-otago,,2945,0,0,Python,0,1322,139,-1,-1,-1
CSC59939_Rails,https://github.com/CSC59939/Rails,Group Project for CSC 59939,2400,4,4,JavaScript,1,514,12,-1,-1,-1
IMIO_Products.MeetingLiege,https://github.com/IMIO/Products.MeetingLiege,,15387,0,0,Python,0,851,6,-1,-1,-1
desmax74_openshift-drools-hacep,https://github.com/desmax74/openshift-drools-hacep,openshift-drools-hacep,19396,5,5,Java,3,3711,94,-1,-1,-1
landawn_AbacusUtil,https://github.com/landawn/AbacusUtil,Release the power in Java programming,3082802,71,71,Java,10,1270,2,-1,-1,-1
theatlantic_django-nested-admin,https://github.com/theatlantic/django-nested-admin,Django admin classes that allow for nested inlines,2180,289,289,Python,54,520,39,-1,-1,-1
mattermost_mattermost-mobile,https://github.com/mattermost/mattermost-mobile,Next generation iOS and Android apps for Mattermost in React Native,38000,768,768,JavaScript,444,7852,157,-1,-1,-1
bem-site_bem.info,https://github.com/bem-site/bem.info,bem.info web site,2721,13,13,JavaScript,26,1051,32,-1,-1,-1
paphonb_AOSP-Launcher3,https://github.com/paphonb/AOSP-Launcher3,,119852,0,0,Java,2,19662,232,-1,-1,-1
opendatacube_datacube-explorer,https://github.com/opendatacube/datacube-explorer,Web-based exploration of Open Data Cube collections,26108,8,8,JavaScript,3,2013,15,-1,-1,-1
gigantum_labmanager-service-labbook,https://github.com/gigantum/labmanager-service-labbook,GraphQL API for the Gigantum Client,1196,1,1,Python,1,1147,12,-1,-1,-1
ElPrisa_Chicken-roles-v5-test,https://github.com/ElPrisa/Chicken-roles-v5-test,,2119,0,0,JavaScript,0,1367,2,-1,-1,-1
dongyupu_dongyupu.github.com,https://github.com/dongyupu/dongyupu.github.com,this is my blog https://dongyupu.github.io,33423,0,0,JavaScript,0,991,62,-1,-1,-1
MakeNowJust_decks,https://github.com/MakeNowJust/decks,MakeNowJust's slides here,19131,1,1,JavaScript,0,602,4,-1,-1,-1
kengz_SLM-Lab,https://github.com/kengz/SLM-Lab,Modular Deep Reinforcement Learning framework in PyTorch.,3521,546,546,Python,91,4502,15,-1,-1,-1
opensistemas-hub_osbrain,https://github.com/opensistemas-hub/osbrain,osBrain - A general-purpose multi-agent system module written in Python,780,121,121,Python,34,783,18,-1,-1,-1
kipoi_models,https://github.com/kipoi/models,Model zoo for genomics,17640,71,71,Python,24,646,34,-1,-1,-1
sciris_sciris,https://github.com/sciris/sciris,Flexible user interface for scientific simulations,2056,2,2,Python,1,907,15,-1,-1,-1
program-repair_defects4j-dissection,https://github.com/program-repair/defects4j-dissection,Defects4J Dissection presents data to help researchers and practitioners to better understand the Defects4J bug dataset,3362,16,16,Python,7,940,10,-1,-1,-1
spotify_helios,https://github.com/spotify/helios,Docker container orchestration platform,7637,2006,2006,Java,229,5054,113,-1,-1,-1
fedora-infra_fedmsg,https://github.com/fedora-infra/fedmsg,Federated Messaging with ZeroMQ,3038,159,159,Python,93,2082,74,-1,-1,-1
meetrix_consult,https://github.com/meetrix/consult,,17900,0,0,JavaScript,0,610,11,-1,-1,-1
amccaugh_phidl,https://github.com/amccaugh/phidl,Python GDS layout and CAD geometry creation for photonic and superconducting circuits,2490,22,22,Python,11,727,15,-1,-1,-1
paultimothymooney_docker-python-3,https://github.com/paultimothymooney/docker-python-3,docker-python-3,643,1,1,Python,0,1102,126,-1,-1,-1
AtomGraph_Web-Client,https://github.com/AtomGraph/Web-Client,Generic Linked Data browser and UX component framework. Apache license.,45150,92,92,JavaScript,10,1502,8,-1,-1,-1
mjirik_imtools,https://github.com/mjirik/imtools,tools for 2D and 3D images ,1064,4,4,Python,1,664,6,-1,-1,-1
Litetokens_wallet-cli,https://github.com/Litetokens/wallet-cli,,34981,0,0,Java,0,2505,66,-1,-1,-1
johannvalenzuela_formacion-ciudadana,https://github.com/johannvalenzuela/formacion-ciudadana,,2617,1,1,Python,1,603,8,-1,-1,-1
green-fox-academy_vulpes-tribes-backend,https://github.com/green-fox-academy/vulpes-tribes-backend,,805,1,1,Java,1,511,11,-1,-1,-1
codeforpdx_dwellingly-app,https://github.com/codeforpdx/dwellingly-app,Application for property managers to communicate with social workers,2194,3,3,JavaScript,0,615,12,-1,-1,-1
pytest-dev_pytest,https://github.com/pytest-dev/pytest,"The pytest framework makes it easy to write small tests, yet scales to support complex functional testing",17921,4455,4455,Python,1073,11819,695,-1,-1,-1
AlexanderPeters_FRC-2018,https://github.com/AlexanderPeters/FRC-2018,One of many repositories that I authored or contributed significantly towards (occasionally under other user accounts) while on FRC team 3140.,7111,0,0,Java,0,639,25,-1,-1,-1
facebook_litho,https://github.com/facebook/litho,A declarative framework for building efficient UIs on Android.,350574,6110,6110,Java,536,15443,425,-1,-1,-1
vpulim_node-soap,https://github.com/vpulim/node-soap,A SOAP client and server for node.js.,1884,2326,2326,JavaScript,1242,2337,657,-1,-1,-1
Kiri23_MEAN-Stack-Authentication,https://github.com/Kiri23/MEAN-Stack-Authentication,This is the repository for a full stack web application made with angular 2 and node.js. Have slack integration and Sentry.io for error reporting.,34975,0,0,JavaScript,0,824,11,-1,-1,-1
thonny_thonny,https://github.com/thonny/thonny,Python IDE for beginners,17490,213,213,Python,71,2802,42,-1,-1,-1
BookingBug_bookingbug-angular-admin-bower,https://github.com/BookingBug/bookingbug-angular-admin-bower,,758,0,0,JavaScript,0,1638,23,-1,-1,-1
eric-erki_NiftyNet,https://github.com/eric-erki/NiftyNet,An open-source convolutional neural networks platform for research in medical image analysis and image-guided therapy,8484,1,1,Python,1,2988,53,-1,-1,-1
paulshorey_ps,https://github.com/paulshorey/ps,My personal homepage,686249,0,0,JavaScript,0,856,10,-1,-1,-1
mun-swc-hub_2018-03-12-mun,https://github.com/mun-swc-hub/2018-03-12-mun,"Software Carpentry Workshop, March 12 & 13 2018 at Memorial University",1671,2,2,Python,0,1138,117,-1,-1,-1
nengo_nengo-dl,https://github.com/nengo/nengo-dl,Deep learning integration for Nengo,27878,26,26,Python,8,711,17,-1,-1,-1
Relyk-x_Vixen,https://github.com/Relyk-x/Vixen,Discord bot.,588,0,0,Python,0,693,2,-1,-1,-1
bigearth_bitcoincashjs-lib,https://github.com/bigearth/bitcoincashjs-lib,Bitcoin Cash fork of bitcoinjs-lib,2971,2,2,JavaScript,5,2143,74,-1,-1,-1
tolosap_gesane-cliente-paciente,https://github.com/tolosap/gesane-cliente-paciente,,5498,0,0,JavaScript,0,636,45,-1,-1,-1
dulibrarytech_digitaldu-frontend,https://github.com/dulibrarytech/digitaldu-frontend,Digital Collections DU front end,70454,1,1,JavaScript,0,661,6,-1,-1,-1
WikipediaLibrary_TWLight,https://github.com/WikipediaLibrary/TWLight,Library Card Platform for The Wikipedia Library,33129,11,11,Python,14,2824,27,-1,-1,-1
2637309949_learning,https://github.com/2637309949/learning,Programming skills and conceptual details of the comprehensive collection,19429,0,0,JavaScript,0,547,3,-1,-1,-1
wikimedia_VisualEditor,https://github.com/wikimedia/VisualEditor,‚úè Stand-alone contentEditable-based rich HTML5 editor.  This is a mirror from https://gerrit.wikimedia.org. See https://www.mediawiki.org/wiki/Developer_access for contributing.,89162,104,104,JavaScript,25,82039,236,-1,-1,-1
mkleehammer_pyodbc,https://github.com/mkleehammer/pyodbc,Python ODBC bridge,1069,1353,1353,Python,323,525,72,-1,-1,-1
bazzite_statusfy,https://github.com/bazzite/statusfy,A Marvelous Open Source Status Page System,7072,1079,1079,JavaScript,60,747,19,-1,-1,-1
Mermade_oas-kit,https://github.com/Mermade/oas-kit,Convert Swagger 2.0 definitions to OpenAPI 3.0 and resolve/validate/lint,2462,346,346,JavaScript,63,1836,31,-1,-1,-1
opencadc_tap,https://github.com/opencadc/tap,client and server implementation of Table Access Protocol (TAP) specification,21789,2,2,Java,9,1144,37,-1,-1,-1
EmoteCollector_EmoteCollector,https://github.com/EmoteCollector/EmoteCollector,Collects emotes from other servers for use by people who don't have Nitro,1908,21,21,Python,7,0,0,-1,-1,-1
lennyqiu_openAI,https://github.com/lennyqiu/openAI,,6185,0,0,Python,0,511,112,-1,-1,-1
bendisposto_probparsers,https://github.com/bendisposto/probparsers,ProB Parser library,141071,10,10,Java,5,1578,23,-1,-1,-1
alkcorp_GTplusplus,https://github.com/alkcorp/GTplusplus,September 3rd is my birthday,168423,32,32,Java,24,2281,35,-1,-1,-1
json-path_JsonPath,https://github.com/json-path/JsonPath,Java JsonPath implementation,2355,3938,3938,Java,740,1260,161,-1,-1,-1
ska-sa_tango-simlib,https://github.com/ska-sa/tango-simlib,Generic data-driven device simulator generation for PyTango,1735,6,6,Python,1,776,23,-1,-1,-1
eslint_eslint.github.io,https://github.com/eslint/eslint.github.io,The ESLint website,27429,58,58,JavaScript,179,1532,180,-1,-1,-1
analysiscenter_batchflow,https://github.com/analysiscenter/batchflow,BatchFlow helps you conveniently work with random or sequential batches of your data and define data processing and machine learning workflows even for datasets that do not fit into memory.,41648,111,111,Python,27,2704,46,-1,-1,-1
NAPOSCA_give-me-postgres-or-give-me-death,https://github.com/NAPOSCA/give-me-postgres-or-give-me-death,,8749,0,0,Java,0,558,6,-1,-1,-1
GrantGryczan_Miroware,https://github.com/GrantGryczan/Miroware,Miroware,5537,0,0,JavaScript,0,2941,2,-1,-1,-1
stanford-oval_almond-dialog-agent,https://github.com/stanford-oval/almond-dialog-agent,The Open Virtual Assistant,1742,29,29,JavaScript,5,843,11,-1,-1,-1
ferstl_depgraph-maven-plugin,https://github.com/ferstl/depgraph-maven-plugin,"A Maven plugin that generates dependency graphs in various formats (DOT, GML, PlantUML, JSON and Text)",3045,176,176,Java,30,1039,10,-1,-1,-1
knime_knime-javasnippet,https://github.com/knime/knime-javasnippet,,2123,0,0,Java,3,792,36,-1,-1,-1
slackapi_python-slackclient,https://github.com/slackapi/python-slackclient,Slack Python SDK,1554,2109,2109,Python,465,1118,163,-1,-1,-1
ni-kismet_engineering-flot,https://github.com/ni-kismet/engineering-flot,Probably the best JavaScript charts for engineering and scientific applications,5414,7,7,JavaScript,7,2566,113,-1,-1,-1
cmput301w19t08_LitX,https://github.com/cmput301w19t08/LitX,Cmput 301 project: Literary Exchange (LitX),7785,0,0,Java,0,521,10,-1,-1,-1
EsupPortail_pod,https://github.com/EsupPortail/pod,plateforme de gestion de fichier vid√©o,6601,16,16,JavaScript,21,1523,27,-1,-1,-1
dantexier_marbles-20181018201003889,https://github.com/dantexier/marbles-20181018201003889,Created for toolchain: https://console.bluemix.net/devops/toolchains/538e5b39-cb3f-4cfc-84ad-df3643b9ee0c?env_id=ibm%3Ayp%3Aus-south,44006,0,0,JavaScript,0,1184,41,-1,-1,-1
WindRiver-Labs_bitbake,https://github.com/WindRiver-Labs/bitbake,bitbake for Wind River Linux,12807,0,0,Python,0,7394,280,-1,-1,-1
ISO-TC211_iso-geodetic-registry,https://github.com/ISO-TC211/iso-geodetic-registry,ISO Geodetic Registry backend,40315,1,1,Java,0,1501,6,-1,-1,-1
MightyWing_certbot,https://github.com/MightyWing/certbot,,9155,1,1,Python,0,10341,411,-1,-1,-1
fjarri_reikna,https://github.com/fjarri/reikna,Pure Python GPGPU library,2716,121,121,Python,13,1528,5,-1,-1,-1
liujvnes_Winds,https://github.com/liujvnes/Winds,,48878,0,0,JavaScript,0,819,14,-1,-1,-1
adunahee_journeyTellr-MVP,https://github.com/adunahee/journeyTellr-MVP,,12202,0,0,JavaScript,0,633,10,-1,-1,-1
norestlabs_mousexplore-vcoins,https://github.com/norestlabs/mousexplore-vcoins,VCoin nodes for the MouseXplore block explorer,1147,15,15,JavaScript,13,987,13,-1,-1,-1
line_centraldogma,https://github.com/line/centraldogma,"Highly-available version-controlled service configuration repository based on Git, ZooKeeper and HTTP/2",32185,272,272,Java,65,840,28,-1,-1,-1
gkarakou_systemd-denotify,https://github.com/gkarakou/systemd-denotify,"A linux desktop app that notifies for  user logins, failed systemd services, journal(log) patterns and optionally the status of selected services",490,7,7,Python,0,706,5,-1,-1,-1
pyroscope_pyrocore,https://github.com/pyroscope/pyrocore,:wrench: A collection of tools for the BitTorrent protocol and especially the rTorrent client,2653,200,200,Python,25,1750,9,-1,-1,-1
mattermost_mattermost-redux,https://github.com/mattermost/mattermost-redux,Redux for Mattermost,3562,128,128,JavaScript,250,2881,125,-1,-1,-1
annefou_2018-10-17-SWC,https://github.com/annefou/2018-10-17-SWC,,2962,0,0,Python,0,1332,143,-1,-1,-1
Nephiegator_Smart-Zenbo,https://github.com/Nephiegator/Smart-Zenbo,,7955,0,0,Java,0,546,7,-1,-1,-1
fitpay_fitpay-android-sdk,https://github.com/fitpay/fitpay-android-sdk,Enable contactless payments with wearables,6130,7,7,Java,4,1268,41,-1,-1,-1
bronx121_techpiyush,https://github.com/bronx121/techpiyush,,858,0,0,Python,0,669,25,-1,-1,-1
mdnoga_octotree-for-git-2,https://github.com/mdnoga/octotree-for-git-2,,66820,0,0,JavaScript,0,752,66,-1,-1,-1
tooltwist_bootstrap-tooltwist,https://github.com/tooltwist/bootstrap-tooltwist,bootstrap-tooltwist,10759,0,0,Java,2,802,58,-1,-1,-1
hortonworks_ratis,https://github.com/hortonworks/ratis,A java implementation of Raft protocol for Hadoop ecosystem,4111,56,56,Java,12,939,31,-1,-1,-1
qutebrowser_qutebrowser,https://github.com/qutebrowser/qutebrowser,"A keyboard-driven, vim-like browser based on PyQt5.",41180,4698,4698,Python,638,21475,500,-1,-1,-1
ctrl-alt-d_django-aula,https://github.com/ctrl-alt-d/django-aula,"Gesti√≥ de presencia, incid√®ncies i m√©s en centres educatius i acad√®mies.",81647,12,12,Python,9,1181,20,-1,-1,-1
feedhenry_fh-template-apps,https://github.com/feedhenry/fh-template-apps,FeedHenry Template App Configuration,2786,1,1,JavaScript,62,1271,104,-1,-1,-1
OpenViX_skins,https://github.com/OpenViX/skins,,102388,6,6,Python,20,2075,30,-1,-1,-1
flass_pantagruel,https://github.com/flass/pantagruel,a pipeline for reconciliation of phylogenetic histories within a bacterial pangenome,6940,22,22,Python,2,1127,3,-1,-1,-1
chriscauley_unrest,https://github.com/chriscauley/unrest,,846,2,2,JavaScript,2,640,3,-1,-1,-1
cherrypy_cherrypy,https://github.com/cherrypy/cherrypy,"CherryPy is a pythonic, object-oriented HTTP framework.      https://docs.cherrypy.org/",27364,1013,1013,Python,249,7710,211,-1,-1,-1
kdudka_csmock,https://github.com/kdudka/csmock,A mock wrapper for Static Analysis tools,406,9,9,Python,2,602,10,-1,-1,-1
mbernardeau_Road-to-Russia-2018,https://github.com/mbernardeau/Road-to-Russia-2018,,11587,0,0,JavaScript,0,2319,13,-1,-1,-1
novoda_download-manager,https://github.com/novoda/download-manager," A library that handles long-running downloads, handling the network interactions and retrying downloads automatically after failures",239878,450,450,Java,53,3189,65,-1,-1,-1
TeamVoyage_Voyage,https://github.com/TeamVoyage/Voyage,Voyage: Plan your next getaway.. Collaboratively ,1633,0,0,JavaScript,14,645,20,-1,-1,-1
knime-ip_knip,https://github.com/knime-ip/knip,KNIME Image Processing Extension ,222376,42,42,Java,7,2504,56,-1,-1,-1
noahbenson_neuropythy,https://github.com/noahbenson/neuropythy,"A neuroscience library for Python, intended to complement the existing nibabel library.",24717,40,40,Python,9,771,7,-1,-1,-1
openstack_trove,https://github.com/openstack/trove,OpenStack Database As A Service (Trove),58863,249,249,Python,207,31108,743,-1,-1,-1
the-blue-alliance_the-blue-alliance-android,https://github.com/the-blue-alliance/the-blue-alliance-android,An Android app for accessing information about the FIRST Robotics Competition.,89451,66,66,Java,35,3440,35,-1,-1,-1
StevenBlack_hosts,https://github.com/StevenBlack/hosts,"Extending and consolidating hosts files from several well-curated sources like adaway.org, mvps.org, malwaredomainlist.com, someonewhocares.org, and potentially others.  You can optionally invoke extensions to block additional sites by category. ",99722,13042,13042,Python,1148,2293,128,-1,-1,-1
GerritCodeReview_git-repo,https://github.com/GerritCodeReview/git-repo,repo - The Multiple Git Repository Tool - (mirror of http://gerrit.googlesource.com/git-repo),6813,5,5,Python,1,11993,590,-1,-1,-1
hull-ships_hull-segment,https://github.com/hull-ships/hull-segment,Segment Ship,4062,0,0,JavaScript,4,600,22,-1,-1,-1
ryanfarr01_blue,https://github.com/ryanfarr01/blue,,6306,0,0,Python,0,2699,28,-1,-1,-1
osimmons73_l3-Webapp,https://github.com/osimmons73/l3-Webapp,,14159,0,0,JavaScript,0,2452,189,-1,-1,-1
geovannichavez_YoComproRECARGA,https://github.com/geovannichavez/YoComproRECARGA,,262807,0,0,Java,0,543,6,-1,-1,-1
olivierfriard_BORIS,https://github.com/olivierfriard/BORIS,Behavioral Observation Research Interactive Software,63639,41,41,Python,9,1319,10,-1,-1,-1
SCCapstone_DJ-VJ,https://github.com/SCCapstone/DJ-VJ,A tool for VJs to create automated performances,107121,0,0,Python,0,544,12,-1,-1,-1
burgesQ_wamow,https://github.com/burgesQ/wamow,Want More Work platform developed in PHP Symfony 2.7 ,39800,0,0,JavaScript,0,1534,22,-1,-1,-1
digihaus_monogatari,https://github.com/digihaus/monogatari,(deprecated) JavaScript game engine,14256,2,2,JavaScript,0,693,12,-1,-1,-1
AlexandreDecan_sismic,https://github.com/AlexandreDecan/sismic,Sismic Interactive Statechart Model Interpreter and Checker http://sismic.readthedocs.org/,2998,49,49,Python,8,1235,13,-1,-1,-1
AceroM_japanese-toilets,https://github.com/AceroM/japanese-toilets,,24457,0,0,JavaScript,0,545,26,-1,-1,-1
cerberustesting_cerberus-source,https://github.com/cerberustesting/cerberus-source,User-friendly automated testing framework.,151274,77,77,Java,57,5620,91,-1,-1,-1
oracle_helidon,https://github.com/oracle/helidon,Java libraries for writing microservices,7427,1453,1453,Java,199,2052,62,-1,-1,-1
webpack-contrib_copy-webpack-plugin,https://github.com/webpack-contrib/copy-webpack-plugin,Copy files and directories with webpack,873,2124,2124,JavaScript,200,545,97,-1,-1,-1
aic-sri-international_aic-praise,https://github.com/aic-sri-international/aic-praise,SRI International's AIC PRAiSE (Probabilistic Reasoning As Symbolic Evaluation) Library (for Java 1.8+),79656,10,10,Java,2,1655,23,-1,-1,-1
catseye_SixtyPical,https://github.com/catseye/SixtyPical,A 6502-like programming language with advanced static analysis,976,14,14,Python,0,642,2,-1,-1,-1
openstack_os-client-config,https://github.com/openstack/os-client-config,Unified config handling for client libraries and programs,1313,39,39,Python,10,1594,97,-1,-1,-1
gsantner_dandelion,https://github.com/gsantner/dandelion,a diaspora* client for Android (webview based),10985,86,86,Java,36,1723,39,-1,-1,-1
Pozas91_MDO-MOA,https://github.com/Pozas91/MDO-MOA,"Repositorio para MOA, usado en la asignatura de Miner√≠a de Datos Online",30386,0,0,Java,0,1029,50,-1,-1,-1
Topapo_meme,https://github.com/Topapo/meme,meme,396,0,0,JavaScript,0,574,3,-1,-1,-1
buckelieg_db-fn,https://github.com/buckelieg/db-fn,Functional style programing over plain JDBC,545,0,0,Java,0,616,3,-1,-1,-1
digitallinguistics_api,https://github.com/digitallinguistics/api,Source code for the DLx database API,3295,1,1,JavaScript,0,791,3,-1,-1,-1
phinajs_phina.js,https://github.com/phinajs/phina.js,phina.js is game library,5698,258,258,JavaScript,43,1325,31,-1,-1,-1
sendgrid_sendgrid-python,https://github.com/sendgrid/sendgrid-python,"The Official Twilio SendGrid Led, Community Driven Python API Library",1711,781,781,Python,476,1981,359,-1,-1,-1
journaldev_journaldev,https://github.com/journaldev/journaldev,JournalDev Projects,29311,295,295,Java,654,565,8,-1,-1,-1
cedardevs_onestop,https://github.com/cedardevs/onestop,OneStop is a data discovery system being built by CIRES researchers on a grant from the NOAA National Centers for Environmental Information.  We welcome contributions from the community!,53825,12,12,JavaScript,9,4277,56,-1,-1,-1
dbadb_2019-DeepSpace,https://github.com/dbadb/2019-DeepSpace,,2442,0,0,Java,2,678,25,-1,-1,-1
shadow-robot_sr-build-tools,https://github.com/shadow-robot/sr-build-tools,Contains build tools and rosinstall files for Shadow Robot's Software.,45945,20,20,Python,7,3530,55,-1,-1,-1
creedexchange1_creedexchange1.github.io,https://github.com/creedexchange1/creedexchange1.github.io,,20107,0,0,JavaScript,0,921,15,-1,-1,-1
HelloLily_hellolily,https://github.com/HelloLily/hellolily,The official Lily project,170837,49,49,Python,17,5734,49,-1,-1,-1
offconvex_offconvex.github.io,https://github.com/offconvex/offconvex.github.io,Off the convex path,23577,53,53,JavaScript,12,677,15,-1,-1,-1
ericmdantas_generator-ng-fullstack,https://github.com/ericmdantas/generator-ng-fullstack,"Client, server or fullstack - it's up to you. ng-fullstack gives you the best of the latest.",2339,703,703,JavaScript,110,1451,34,-1,-1,-1
learn-co-students_javascript-arrays-lab-bootcamp-prep-000,https://github.com/learn-co-students/javascript-arrays-lab-bootcamp-prep-000,,117,2,2,JavaScript,4851,10943,9391,-1,-1,-1
cuckoosandbox_cuckoo,https://github.com/cuckoosandbox/cuckoo,Cuckoo Sandbox is an automated dynamic malware analysis system,50404,3813,3813,JavaScript,1361,10991,513,-1,-1,-1
openstack_charms.openstack,https://github.com/openstack/charms.openstack,Helpers for writing layered+reactive OpenStack Charms,872,10,10,Python,6,510,35,-1,-1,-1
enactjs_cli,https://github.com/enactjs/cli,Full-featured build environment tool for Enact applications,2027,5,5,JavaScript,4,1032,17,-1,-1,-1
socketio_socket.io,https://github.com/socketio/socket.io,Realtime application framework (Node.JS server),12259,46925,46925,JavaScript,8554,3463,569,-1,-1,-1
jadonk_bonescript,https://github.com/jadonk/bonescript,Scripting tools for BeagleBone and PocketBeagle,51902,503,503,JavaScript,161,1431,48,-1,-1,-1
ottomatica_Baker,https://github.com/ottomatica/Baker,üë®‚Äçüç≥üçû Quick and easy baking of computing environments.,7587,177,177,JavaScript,9,930,10,-1,-1,-1
dependencies-io_registry,https://github.com/dependencies-io/registry,Registry for dependencies.io components and their available versions,290,0,0,Python,2,1032,3,-1,-1,-1
cryptowatch_cw-sdk-node,https://github.com/cryptowatch/cw-sdk-node,Node.js client for the Cryptowatch Streaming API,674,19,19,JavaScript,2,0,0,-1,-1,-1
ppsreejith_react-native-camera-tflite,https://github.com/ppsreejith/react-native-camera-tflite,Real time image classification with React Native and Tensorflow lite.,10005,15,15,Java,5,1128,283,-1,-1,-1
CyberReboot_NetworkML,https://github.com/CyberReboot/NetworkML,Machine learning plugins for network traffic,81370,32,32,Python,23,0,0,-1,-1,-1
OyvindSabo_steemian,https://github.com/OyvindSabo/steemian,A Steem interface based on Busy.org,68825,0,0,JavaScript,0,5266,61,-1,-1,-1
deeptools_HiCExplorer,https://github.com/deeptools/HiCExplorer,"HiCExplorer is a powerful and easy to use set of tools to process, normalize and visualize Hi-C data.",338809,70,70,Python,40,2659,33,-1,-1,-1
Artyom17_three.js-multiview,https://github.com/Artyom17/three.js-multiview,THREE.js with Multiview support,647332,0,0,JavaScript,0,25930,1368,-1,-1,-1
catseye_Chrysoberyl,https://github.com/catseye/Chrysoberyl,An attempt to catalogue and curate Cat's Eye Technologies,6296,7,7,Python,1,1814,4,-1,-1,-1
fairbird_OpenPLI-TSimage,https://github.com/fairbird/OpenPLI-TSimage,OpenTSimage ... Based on openpli,9848,0,0,Python,1,665,3,-1,-1,-1
labzero_lunch,https://github.com/labzero/lunch,Lunch voting app,73096,16,16,JavaScript,5,6457,307,-1,-1,-1
ChristianMurphy_postcss-combine-duplicated-selectors,https://github.com/ChristianMurphy/postcss-combine-duplicated-selectors,automatically keep css selectors unique.,1901,31,31,JavaScript,6,763,17,-1,-1,-1
dogpetkid_Stratego,https://github.com/dogpetkid/Stratego,,91,1,1,Python,0,514,4,-1,-1,-1
openstack_networking-odl,https://github.com/openstack/networking-odl,Neutron drivers for OpenDaylight.,35179,71,71,Python,64,18844,690,-1,-1,-1
vshepel16_surveyjs,https://github.com/vshepel16/surveyjs,,66089,0,0,JavaScript,0,3289,71,-1,-1,-1
meyer-lab_lineage-growth,https://github.com/meyer-lab/lineage-growth,Analyzing cell growth with lineage information.,5167,1,1,Python,0,1182,15,-1,-1,-1
mac-s-g_react-json-view,https://github.com/mac-s-g/react-json-view,JSON viewer for react,3259,917,917,JavaScript,151,718,40,-1,-1,-1
ICOnator_ICOnator-backend,https://github.com/ICOnator/ICOnator-backend,ICOnator backend applications and commons,1609,27,27,Java,1,555,15,-1,-1,-1
JrGoodle_clowder,https://github.com/JrGoodle/clowder,Utility for managing multiple git repositories,7781,7,7,Python,2,2051,9,-1,-1,-1
counterflow-ai_eui,https://github.com/counterflow-ai/eui,,133996,0,0,JavaScript,0,1186,64,-1,-1,-1
MD2Korg_CerebralCortex-DataAnalysis,https://github.com/MD2Korg/CerebralCortex-DataAnalysis,,13942,1,1,Python,11,1138,36,-1,-1,-1
davitmadoyan_guacamole-client,https://github.com/davitmadoyan/guacamole-client,,12427,0,0,Java,0,4861,46,-1,-1,-1
mapillary_OpenSfM,https://github.com/mapillary/OpenSfM,Open source Structure from Motion pipeline,25780,1303,1303,JavaScript,413,2253,87,-1,-1,-1
yangxinbin_bc,https://github.com/yangxinbin/bc,ËßÑËåÉ,164730,0,0,Java,0,523,3,-1,-1,-1
CodeForPhilly_laddr,https://github.com/CodeForPhilly/laddr,,16759,59,59,JavaScript,32,550,27,-1,-1,-1
santosurviver_Tony2,https://github.com/santosurviver/Tony2,,433,0,0,Python,0,521,15,-1,-1,-1
gityourself_marbles-20190314093114135,https://github.com/gityourself/marbles-20190314093114135,Created for toolchain: https://console.bluemix.net/devops/toolchains/49a111b3-eb1a-4d52-bede-55697a942179?env_id=ibm%3Ayp%3Aeu-de,44020,0,0,JavaScript,0,1187,44,-1,-1,-1
beothorn_revealjsforpresentations,https://github.com/beothorn/revealjsforpresentations,revealjsforpresentations,8472,0,0,JavaScript,0,2213,273,-1,-1,-1
k80bowman_js101-build-an-app,https://github.com/k80bowman/js101-build-an-app,,24120,0,0,JavaScript,1,2207,271,-1,-1,-1
Talend_tdi-studio-se,https://github.com/Talend/tdi-studio-se,,727930,69,69,Java,102,40995,389,-1,-1,-1
BeastyBlacksmith_julia-lesson5,https://github.com/BeastyBlacksmith/julia-lesson5,,2213,0,0,Python,0,567,58,-1,-1,-1
moonwalker_jetpack,https://github.com/moonwalker/jetpack,Webpack for Moonwalkers,3301,0,0,JavaScript,0,854,14,-1,-1,-1
Canillitapp_headlines-react,https://github.com/Canillitapp/headlines-react,,22318,5,5,JavaScript,3,891,6,-1,-1,-1
OCA_maintainer-quality-tools,https://github.com/OCA/maintainer-quality-tools,QA tools for Odoo maintainers,679,53,53,Python,200,1830,91,-1,-1,-1
reactjs_zh-hans.reactjs.org,https://github.com/reactjs/zh-hans.reactjs.org,(Work in progress) React documentation website in Simplified Chinese,90492,251,251,JavaScript,252,7726,1406,-1,-1,-1
RakhithJK_rocketmap-orig,https://github.com/RakhithJK/rocketmap-orig,,44290,0,0,Python,0,1668,386,-1,-1,-1
Zenhons101_marbles-20181019084800629,https://github.com/Zenhons101/marbles-20181019084800629,Created for toolchain: https://console.bluemix.net/devops/toolchains/81596fb1-9ef9-4119-926a-6edc8c23ccf7?env_id=ibm%3Ayp%3Aeu-gb,44006,0,0,JavaScript,0,1184,41,-1,-1,-1
olehandriiev_nsthsis,https://github.com/olehandriiev/nsthsis,,35866,0,0,JavaScript,0,601,3,-1,-1,-1
kingsdigitallab_tvof-django,https://github.com/kingsdigitallab/tvof-django,New repository for TVOF using upgraded framewrok,7977,0,0,Python,0,584,13,-1,-1,-1
bikalabs_als.bika.lims,https://github.com/bikalabs/als.bika.lims,bika.lims for als naledi,63201,1,1,Python,3,7261,62,-1,-1,-1
Diacamma2_financial,https://github.com/Diacamma2/financial,Diacamma Financial modules for Lucterios framework,5567,0,0,Python,2,518,5,-1,-1,-1
ebi-webcomponents_nightingale,https://github.com/ebi-webcomponents/nightingale,Data visualisation web components for the life sciences.,23695,2,2,JavaScript,3,1044,24,-1,-1,-1
jmjuanes_openid,https://github.com/jmjuanes/openid,OpenID service,618,1,1,JavaScript,0,740,5,-1,-1,-1
dcmcand_nhla2019-demo,https://github.com/dcmcand/nhla2019-demo,Demonstration of Reveal.JS for the New Hampshire Library Associations Spring 2019 Conference,8224,0,0,JavaScript,0,2351,291,-1,-1,-1
OSGP_Platform,https://github.com/OSGP/Platform,The main components of OSGP.,32387,37,37,Java,14,3850,66,-1,-1,-1
jrief_djangocms-cascade,https://github.com/jrief/djangocms-cascade,Build Single Page Applications using the Django-CMS plugin system,5948,128,128,Python,69,2542,62,-1,-1,-1
hannesa2_BitcoinCash-Wallet,https://github.com/hannesa2/BitcoinCash-Wallet,fork from https://github.com/bitcoincash-wallet/bitcoincash-wallet,30614,1,1,Java,0,2976,34,-1,-1,-1
YakovSirotkin_spbuik,https://github.com/YakovSirotkin/spbuik,–î–∞–Ω–Ω—ã–µ –ø–æ —Å–æ—Å—Ç–∞–≤—É –£–ò–ö –Ω–∞ 5 –ª–µ—Ç –Ω–∞—á–∏–Ω–∞—è —Å 2013 –≥–æ–¥–∞ –≤ –ü–µ—Ç–µ—Ä–±—É—Ä–≥–µ,22062,10,10,Java,3,864,6,-1,-1,-1
ericgio_react-bootstrap-typeahead,https://github.com/ericgio/react-bootstrap-typeahead,React typeahead with Bootstrap styling,5541,493,493,JavaScript,249,1357,97,-1,-1,-1
wllacer_dana-cube,https://github.com/wllacer/dana-cube,Simple analitical tool for SQL databases,53636,1,1,Python,1,719,6,-1,-1,-1
briangadd12_GIT,https://github.com/briangadd12/GIT,,10131,0,0,Python,0,8099,280,-1,-1,-1
bdxdh_java-1,https://github.com/bdxdh/java-1,,760,0,0,Java,0,670,156,-1,-1,-1
scvae_scvae,https://github.com/scvae/scvae,Deep learning for single-cell transcript counts,1838,27,27,Python,12,966,3,-1,-1,-1
mrijk_speculaas,https://github.com/mrijk/speculaas,NodeJS implementation of clojure.spec,1722,10,10,JavaScript,1,551,5,-1,-1,-1
mixtapemadness_mm-web-front-end,https://github.com/mixtapemadness/mm-web-front-end,Front-End React.js application for mixtapemadness.com website.,8509,0,0,JavaScript,0,691,11,-1,-1,-1
GNOME_orca,https://github.com/GNOME/orca,Screen reader for individuals who are blind or visually impaired,67102,47,47,Python,24,11014,461,-1,-1,-1
theislab_batchglm,https://github.com/theislab/batchglm,Fit over-determined GLMs.,1774,1,1,Python,1,752,7,-1,-1,-1
hc-sc_edb,https://github.com/hc-sc/edb,Electronic Dossier Builder for GHSTS Pesticide Dossiers,496026,0,0,JavaScript,0,1582,18,-1,-1,-1
mukerjee_etalon,https://github.com/mukerjee/etalon,Etalon - a Reconfigurable Datacenter Network (RDCN) emulator,109280,1,1,Python,1,0,0,-1,-1,-1
xuhuimin2017_storygenerative,https://github.com/xuhuimin2017/storygenerative,,2994,0,0,Python,0,812,40,-1,-1,-1
fabric8io_kubernetes-client,https://github.com/fabric8io/kubernetes-client,Java client for Kubernetes & OpenShift ,83601,889,889,Java,497,3146,201,-1,-1,-1
wso2_orbit,https://github.com/wso2/orbit,,3518,3,3,Java,212,1548,254,-1,-1,-1
organ-my_vc,https://github.com/organ-my/vc,,21732,1,1,Java,2,1904,21,-1,-1,-1
joshiakshay91_calendarApp,https://github.com/joshiakshay91/calendarApp,Simple HTML app that renders events from a javascript file in calendar view format,67,1,1,JavaScript,0,743,2,-1,-1,-1
AudacySpace_quindar-ux,https://github.com/AudacySpace/quindar-ux,The Quindar frontend application source. Use this repository if you want to contribute to developing the Quindar GUI.,63200,4,4,JavaScript,3,1308,16,-1,-1,-1
aidancrowther_COMP3004-Scrummy,https://github.com/aidancrowther/COMP3004-Scrummy,,1571,0,0,Java,0,598,10,-1,-1,-1
dkoslicki_NCATS,https://github.com/dkoslicki/NCATS,,54056,1,1,Python,0,794,15,-1,-1,-1
edgardavtyan_material-player,https://github.com/edgardavtyan/material-player,Audio player for android with material design,11445,3,3,Java,2,1901,1,-1,-1,-1
rsksmart_rskj,https://github.com/rsksmart/rskj,RSKj is a Java implementation of the RSK protocol.,67739,569,569,Java,141,5784,72,-1,-1,-1
lblod_frontend-gelinkt-notuleren,https://github.com/lblod/frontend-gelinkt-notuleren,Ember frontend of the Gelinkt Notuleren application,1174,0,0,JavaScript,0,1133,7,-1,-1,-1
TrustyJAID_Trusty-cogs-archive,https://github.com/TrustyJAID/Trusty-cogs-archive,"A variety of utility cogs and fun cogs including Hockey information from the NHL, badge creation from discord user information, starboard for use on Redbot, twitch follow notifications and more.",170514,14,14,Python,19,3173,9,-1,-1,-1
obonaventure_cnp3,https://github.com/obonaventure/cnp3,"Computer Networking : Principles, Protocols and Practice",405622,450,450,Python,93,879,59,-1,-1,-1
structr_structr,https://github.com/structr/structr,The World's Most Advanced Graph Application Platform,284682,555,555,Java,129,11822,58,-1,-1,-1
box_mojito,https://github.com/box/mojito,An automation platform that enables continuous localization.,14805,181,181,Java,33,1808,39,-1,-1,-1
quasarframework_quasar-cli,https://github.com/quasarframework/quasar-cli,"[DEPRECATED, <= 0.17) Quasar Framework - CLI",1816,192,192,JavaScript,62,871,46,-1,-1,-1
hazel97_Jmetal,https://github.com/hazel97/Jmetal,,23901,0,0,Java,0,2546,49,-1,-1,-1
CloudSlang_score,https://github.com/CloudSlang/score,CloudSlang Orchestration Engine,24586,75,75,Java,40,2332,93,-1,-1,-1
CloudVE_cloudbridge,https://github.com/CloudVE/cloudbridge,A consistent interface to multiple IaaS clouds; in Python.,16125,47,47,Python,30,2349,43,-1,-1,-1
CoFH_ThermalDynamics,https://github.com/CoFH/ThermalDynamics,,3027,47,47,Java,31,948,27,-1,-1,-1
q474818917_Guns,https://github.com/q474818917/Guns,,9040,0,0,Java,0,741,30,-1,-1,-1
RADAR-base_radar-android-phone,https://github.com/RADAR-base/radar-android-phone,Basic phone sensor plugin for RADAR passive remote monitoring app,2694,3,3,Java,2,548,12,-1,-1,-1
StefanBruens_libsigrokdecode,https://github.com/StefanBruens/libsigrokdecode,Preparation repository for upstream submissions,2173,0,0,Python,0,1625,86,-1,-1,-1
guildai_guildai,https://github.com/guildai/guildai,Open source experiment tracking and optimization for machine learning,6195,148,148,Python,9,3082,3,-1,-1,-1
kunquat_kunquat,https://github.com/kunquat/kunquat,Kunquat is a music sequencer similar to tracker programs.,25108,19,19,Python,6,7068,13,-1,-1,-1
RolfKocherhans_autopkg-recipes,https://github.com/RolfKocherhans/autopkg-recipes,A bunch of AutoPkg recipes!,338,0,0,Python,1,571,2,-1,-1,-1
liferay_liferay-faces-bridge-api,https://github.com/liferay/liferay-faces-bridge-api,,1928,2,2,Java,9,682,7,-1,-1,-1
yangyang200_yc-vaultmc,https://github.com/yangyang200/yc-vaultmc,The VaultCore project @ VaultMC server,3088,3,3,Java,0,515,3,-1,-1,-1
saltant-org_saltant,https://github.com/saltant-org/saltant,"Web app for running distributed, containerized, and mutable tasks",691,2,2,Python,4,765,3,-1,-1,-1
sosy-lab_java-common-lib,https://github.com/sosy-lab/java-common-lib,SoSy-Lab Java Common Library,1986,6,6,Java,9,1787,42,-1,-1,-1
nhsuk_profiles,https://github.com/nhsuk/profiles,DEPRECATED - no longer actively maintained,1155,1,1,JavaScript,1,989,20,-1,-1,-1
egor5q_FabricaManagers,https://github.com/egor5q/FabricaManagers,,1189,0,0,Python,0,1376,5,-1,-1,-1
progedu_intro-curriculum-3019,https://github.com/progedu/intro-curriculum-3019,ÂÖ•ÈñÄ„Ç≥„Éº„Çπ„ÅÆ3Á´†19ÁØÄ„ÅÆÁ∑¥Áøí (ISC License),0,0,0,JavaScript,507,831,717,-1,-1,-1
jahia-qa_selenium226-71,https://github.com/jahia-qa/selenium226-71,,681,0,0,Java,0,6344,4,-1,-1,-1
sparksuite_simplemde-markdown-editor,https://github.com/sparksuite/simplemde-markdown-editor,"A simple, beautiful, and embeddable JavaScript Markdown editor. Delightful editing for beginners and experts alike. Features built-in autosaving and spell checking.",9344,6784,6784,JavaScript,996,1001,153,-1,-1,-1
vikki0103_hackathon-1,https://github.com/vikki0103/hackathon-1,,51654,0,0,Java,0,721,44,-1,-1,-1
Azure_meta-azure-service-broker,https://github.com/Azure/meta-azure-service-broker,A service broker to manage multiple Azure services in Cloud Foundry,1071,33,33,JavaScript,42,733,38,-1,-1,-1
apache_cordova-plugin-media,https://github.com/apache/cordova-plugin-media,Apache Cordova Plugin media,785,301,301,JavaScript,632,968,187,-1,-1,-1
jettmarks_clueRide-angular,https://github.com/jettmarks/clueRide-angular,Angular-based implementation of ClueRide application,13062,1,1,Java,0,844,2,-1,-1,-1
tangrams_tangram,https://github.com/tangrams/tangram,WebGL map rendering engine for creative cartography,136898,1428,1428,JavaScript,235,5509,38,-1,-1,-1
MarcusWolschon_osmeditor4android,https://github.com/MarcusWolschon/osmeditor4android,Vespucci is a OpenStreetMap editor for Android,100253,141,141,Java,40,5035,45,-1,-1,-1
Jorggio_OWASP-Juice-shop,https://github.com/Jorggio/OWASP-Juice-shop,,86805,0,0,JavaScript,0,6998,63,-1,-1,-1
yldio_joyent-portal,https://github.com/yldio/joyent-portal,,50219,44,44,JavaScript,5,3071,29,-1,-1,-1
SebKuzminsky_pycam,https://github.com/SebKuzminsky/pycam,,47318,161,161,Python,47,2323,21,-1,-1,-1
cocoflan_chatterbot,https://github.com/cocoflan/chatterbot,,3230,0,0,Python,0,1580,92,-1,-1,-1
zeit_next-site,https://github.com/zeit/next-site,The official website for Next.js,260010,334,334,JavaScript,112,1421,104,-1,-1,-1
xiaoxing1120_JCSprout,https://github.com/xiaoxing1120/JCSprout,,636,0,0,Java,0,547,19,-1,-1,-1
RMArchiv_rmarchiv,https://github.com/RMArchiv/rmarchiv,rmarchiv Website Script,38788,4,4,JavaScript,4,1467,12,-1,-1,-1
Scout24_showcar-ui,https://github.com/Scout24/showcar-ui,,22634,2,2,JavaScript,10,5031,74,-1,-1,-1
react-component_table,https://github.com/react-component/table,React Table,14030,505,505,JavaScript,261,1149,111,-1,-1,-1
joyent_java-manta,https://github.com/joyent/java-manta,Java Manta Client SDK,19852,15,15,Java,22,2385,38,-1,-1,-1
chentengkui_hexo,https://github.com/chentengkui/hexo,,4700,0,0,JavaScript,0,2661,166,-1,-1,-1
trailofbits_mcsema,https://github.com/trailofbits/mcsema,"Framework for lifting x86, amd64, and aarch64 program binaries to LLVM bitcode",160902,1417,1417,Python,207,2552,86,-1,-1,-1
ntmoore_electronics,https://github.com/ntmoore/electronics,,5127,0,0,Python,0,1691,169,-1,-1,-1
amwei_mybatis-enhancer,https://github.com/amwei/mybatis-enhancer,,28741,1,1,Java,1,2822,151,-1,-1,-1
sciencemine_digital-signage,https://github.com/sciencemine/digital-signage,,686079,3,3,JavaScript,0,706,19,-1,-1,-1
AbdullahiAli_MKI46BCI,https://github.com/AbdullahiAli/MKI46BCI,,211955,0,0,Java,2,2048,26,-1,-1,-1
nkadiri09_Design-Patterns,https://github.com/nkadiri09/Design-Patterns,,14488,0,0,Java,0,2359,144,-1,-1,-1
BaPSF_bapsflib,https://github.com/BaPSF/bapsflib,A Python Toolkit for BaPSF,27913,8,8,Python,3,2120,6,-1,-1,-1
saalfeldlab_render,https://github.com/saalfeldlab/render,Render transformed image tiles,166129,17,17,Java,26,1415,19,-1,-1,-1
singnet_snet-cli,https://github.com/singnet/snet-cli,SingularityNET CLI for interacting with SNET blockchain contracts and deployed services.,827,46,46,Python,24,605,29,-1,-1,-1
sinnerschrader_SkillWill,https://github.com/sinnerschrader/SkillWill,Skills Management @ SinnerSchrader,5503,15,15,Java,1,697,23,-1,-1,-1
jeetsukumaran_DendroPy,https://github.com/jeetsukumaran/DendroPy,"A Python library for phylogenetic scripting, simulation, data processing and manipulation.",52869,134,134,Python,43,4526,36,-1,-1,-1
votinginfoproject_Metis,https://github.com/votinginfoproject/Metis,A continuous deployment environment for election data,18152,13,13,JavaScript,7,2261,39,-1,-1,-1
ajaxorg_ace,https://github.com/ajaxorg/ace,Ace (Ajax.org Cloud9 Editor),38676,20040,20040,JavaScript,4400,10077,726,-1,-1,-1
artefactual_archivematica,https://github.com/artefactual/archivematica,"Free and open-source digital preservation system designed to maintain standards-based, long-term access to collections of digital objects.",35618,179,179,Python,68,6140,86,-1,-1,-1
carolkng_django-gcp,https://github.com/carolkng/django-gcp,,23871,0,0,Python,0,2035,243,-1,-1,-1
oceanprotocol_mantaray,https://github.com/oceanprotocol/mantaray,Data science use cases,1840,16,16,Python,1,535,6,-1,-1,-1
dantehemerson_dantecalderon.dev,https://github.com/dantehemerson/dantecalderon.dev,:computer: :heart: My personal website.,20354,13,13,JavaScript,8,0,0,-1,-1,-1
MechanicalSoup_MechanicalSoup,https://github.com/MechanicalSoup/MechanicalSoup,A Python library for automating interaction with websites.,541,3269,3269,Python,280,808,57,-1,-1,-1
zotero_web-library,https://github.com/zotero/web-library,,17151,36,36,JavaScript,13,1978,7,-1,-1,-1
Joyoalappat_AI-projects,https://github.com/Joyoalappat/AI-projects,A.i and neural network projects ,13529,0,0,Python,0,808,9,-1,-1,-1
CMSgov_bluebutton-web-server,https://github.com/CMSgov/bluebutton-web-server,Blue Button API,64323,16,16,Python,18,4494,23,-1,-1,-1
RestComm_jss7,https://github.com/RestComm/jss7, RestComm Java SS7 Stack and Services,41032,94,94,Java,132,4134,225,-1,-1,-1
digitallinguistics_app,https://github.com/digitallinguistics/app,The Lotus web app for managing linguistic data,678,1,1,JavaScript,1,563,3,-1,-1,-1
pyflyby_pyflyby,https://github.com/pyflyby/pyflyby,,1445,21,21,Python,11,688,11,-1,-1,-1
mesfind_2018-09-03-DC-Wollo,https://github.com/mesfind/2018-09-03-DC-Wollo,,1811,0,0,Python,1,1278,107,-1,-1,-1
taskcluster_taskcluster-auth,https://github.com/taskcluster/taskcluster-auth,Authentication and authorization manager for taskcluster,11824,3,3,JavaScript,24,793,29,-1,-1,-1
tiptoppress_category-posts-widget,https://github.com/tiptoppress/category-posts-widget,Adds a widget that shows the most recent posts from a single category.,2416,7,7,JavaScript,21,959,33,-1,-1,-1
LambdaSchool_mongo-bears,https://github.com/LambdaSchool/mongo-bears,A mini project designed for you to get your feet wet with MongoDB and Mongoose,63,1,1,JavaScript,307,556,197,-1,-1,-1
gcbl_clinica,https://github.com/gcbl/clinica,,3210,0,0,Java,0,961,7,-1,-1,-1
googleapis_google-auth-library-python,https://github.com/googleapis/google-auth-library-python,Google Auth Python Library,504,239,239,Python,106,698,72,-1,-1,-1
zim-desktop-wiki_zim-desktop-wiki,https://github.com/zim-desktop-wiki/zim-desktop-wiki,Main repository of the zim desktop wiki project,66565,689,689,Python,158,2272,124,-1,-1,-1
theNewDynamic_minjinlee.com,https://github.com/theNewDynamic/minjinlee.com,,28058,1,1,JavaScript,0,2073,8,-1,-1,-1
clarin-eric_VLO,https://github.com/clarin-eric/VLO,Virtual Language Observatory,14158,7,7,Java,3,3894,35,-1,-1,-1
nuxt_nuxt.js,https://github.com/nuxt/nuxt.js,The Vue.js Framework,20146,21193,21193,JavaScript,1813,9378,441,-1,-1,-1
jpellman_2018-10-11-columbia,https://github.com/jpellman/2018-10-11-columbia,,2965,0,0,Python,0,1333,143,-1,-1,-1
ibcom_1blankspace,https://github.com/ibcom/1blankspace,All 1blankspace files,42899,4,4,JavaScript,1,2093,6,-1,-1,-1
ember-cli_broccoli-lint-eslint,https://github.com/ember-cli/broccoli-lint-eslint,Integrates JavaScript linting with ESLint as part of your Broccoli build pipeline.,617,8,8,JavaScript,28,537,45,-1,-1,-1
Light0617_uiui,https://github.com/Light0617/uiui,uiui,13040,0,0,JavaScript,0,1825,64,-1,-1,-1
stamkracht_waaroverheid,https://github.com/stamkracht/waaroverheid,WaarOverheid,22807,1,1,JavaScript,0,861,6,-1,-1,-1
hack4code_BlogSpider,https://github.com/hack4code/BlogSpider,spiders crawl blogs (rss | atom | blog),2730,4,4,Python,1,914,5,-1,-1,-1
calmjs_calmjs,https://github.com/calmjs/calmjs,A Python framework for building toolchains and utilities for working with the JavaScript/Node.js ecosystem from within a Python environment.,916,24,24,Python,3,651,2,-1,-1,-1
libccy_noname,https://github.com/libccy/noname,,360488,169,169,JavaScript,64,2307,11,-1,-1,-1
ButtPirate_autotest-vsrf-complaints,https://github.com/ButtPirate/autotest-vsrf-complaints,"–ê–≤—Ç–æ—Ç–µ—Å—Ç –¥–ª—è –º–æ–¥—É–ª—è ""–ñ–∞–ª–æ–±—ã"" –Ω–∞ –ø—Ä–æ–µ–∫—Ç–µ –¥–ª—è –í–°–†–§",18169,0,0,Java,0,591,6,-1,-1,-1
chpladmin_chpl-website,https://github.com/chpladmin/chpl-website,The web UI for chpl,11950,1,1,JavaScript,7,3663,20,-1,-1,-1
tsherif_picogl.js,https://github.com/tsherif/picogl.js,A minimal WebGL 2 rendering library,12133,498,498,JavaScript,43,674,11,-1,-1,-1
raspberrypilearning_rock-paper-scissors,https://github.com/raspberrypilearning/rock-paper-scissors,,9897,0,0,Python,2,1937,9,-1,-1,-1
pyreact0923_Python-Flask,https://github.com/pyreact0923/Python-Flask,,6078,0,0,Python,0,0,0,-1,-1,-1
foxdonut_meiosis,https://github.com/foxdonut/meiosis,meiosis,22492,324,324,JavaScript,15,842,9,-1,-1,-1
aarsakian_blog,https://github.com/aarsakian/blog,my blog on Google App Engine,3697,0,0,JavaScript,0,914,5,-1,-1,-1
DataBiosphere_cgp-dashboard-service,https://github.com/DataBiosphere/cgp-dashboard-service,A web API for powering the dcc-dashboard,9755,2,2,Python,4,619,35,-1,-1,-1
PhenTse_multi-v2ray,https://github.com/PhenTse/multi-v2ray,,2288,0,0,Python,0,705,15,-1,-1,-1
nonconventional_dice-roller,https://github.com/nonconventional/dice-roller,Roll the dice!!!!,2943,0,0,JavaScript,0,1537,6,-1,-1,-1
asksven_BetterBatteryStats,https://github.com/asksven/BetterBatteryStats,An attempt to provide advanced battery stats for Android,54586,384,384,Java,144,2429,72,-1,-1,-1
QuickBlox_q-municate-android,https://github.com/QuickBlox/q-municate-android,Qmunicate Android chat application,200000,242,242,Java,199,2498,38,-1,-1,-1
mbmccoy_python-docs-samples,https://github.com/mbmccoy/python-docs-samples,Fork of google's python-docs-samples,26574,0,0,Python,1,2087,253,-1,-1,-1
Neovici_cosmoz-omnitable,https://github.com/Neovici/cosmoz-omnitable,The Cosmoz Omnitable.,5731,3,3,JavaScript,4,1254,28,-1,-1,-1
camunda_camunda-bpm-webapp,https://github.com/camunda/camunda-bpm-webapp,"camunda BPM Webapplication: Tasklist, Operations, Monitoring and Administration ",11117,72,72,JavaScript,102,4232,66,-1,-1,-1
BlakeB254_styled-components,https://github.com/BlakeB254/styled-components,,6410,0,0,JavaScript,0,2997,304,-1,-1,-1
bda-19fs_bda-chatbot,https://github.com/bda-19fs/bda-chatbot,Contains the implementation of our bda chatbot project,1037909,1,1,Python,0,560,6,-1,-1,-1
flamingchickens1540_pandora-titan-2018,https://github.com/flamingchickens1540/pandora-titan-2018,,7030,0,0,Java,0,762,10,-1,-1,-1
pentaho_apache-vfs-browser,https://github.com/pentaho/apache-vfs-browser,Browser for Apache VFS,11128,1,1,Java,52,517,67,-1,-1,-1
groovy_GMavenPlus,https://github.com/groovy/GMavenPlus,"A rewrite of GMaven, a Maven plugin for Groovy",9766,178,178,Java,21,1014,7,-1,-1,-1
constellators_constellate,https://github.com/constellators/constellate,[WIP] A toolchain to rapidly create and deploy Node applications.,6113,9,9,JavaScript,2,641,2,-1,-1,-1
oracle_graal,https://github.com/oracle/graal,GraalVM: Run Programs Faster Anywhere :rocket:,719220,9644,9644,Java,615,41218,295,-1,-1,-1
darrenlu666_app-andriod,https://github.com/darrenlu666/app-andriod,,61299,0,0,Java,0,916,9,-1,-1,-1
datasnakes_OrthoEvolution,https://github.com/datasnakes/OrthoEvolution,An easy to use and comprehensive python package which aids in the analysis and visualization of orthologous genes.,42626,22,22,Python,2,2307,24,-1,-1,-1
syncloud_platform,https://github.com/syncloud/platform,Run popular services on your device with one click,4007,146,146,Python,17,2742,7,-1,-1,-1
anneglaser_2018-12-12-ttt-practice,https://github.com/anneglaser/2018-12-12-ttt-practice,,3041,0,0,Python,0,1442,153,-1,-1,-1
OfficeDev_script-lab-2017,https://github.com/OfficeDev/script-lab-2017,[Archived.  This is an older version that's no longer maintained.  See https://github.com/officedev/script-lab instead],44120,232,232,JavaScript,66,2614,55,-1,-1,-1
Jorch72_Chisels-and-Bits,https://github.com/Jorch72/Chisels-and-Bits,,11638,0,0,Java,0,901,17,-1,-1,-1
xueyaohuang_RoadToCodeFarmer,https://github.com/xueyaohuang/RoadToCodeFarmer,,5000,2,2,Java,2,1668,4,-1,-1,-1
feklee_san,https://github.com/feklee/san,Self aware network,104261,4,4,JavaScript,1,856,2,-1,-1,-1
MetaMask_web3-provider-engine,https://github.com/MetaMask/web3-provider-engine,A JavaScript library for composing Ethereum provider objects using middleware modules.,3373,371,371,JavaScript,209,931,85,-1,-1,-1
ibisTime_bh-mall,https://github.com/ibisTime/bh-mall,,40981,0,0,Java,1,1196,20,-1,-1,-1
mbarre_schemacrawler-additional-lints,https://github.com/mbarre/schemacrawler-additional-lints,Some additionnal lints for Schemacrawler,2969,8,8,Java,8,731,20,-1,-1,-1
popkit_pelpa,https://github.com/popkit/pelpa,elpa popkit mirror in china building in java.ÂõΩÂÜÖemacsÂåÖÂÆâË£ÖÊ∫ê,5008,0,0,Java,0,1216,4,-1,-1,-1
chumanoid_knowage,https://github.com/chumanoid/knowage,Knowage –¥–ª—è —Ç–µ—Å—Ç–æ–≤,251850,0,0,JavaScript,0,12825,63,-1,-1,-1
rfhk_awo-custom,https://github.com/rfhk/awo-custom,,4505,0,0,Python,6,1395,9,-1,-1,-1
ambikabohra_cmpe202-intelligame-xfer,https://github.com/ambikabohra/cmpe202-intelligame-xfer,,32091,0,0,Java,3,577,11,-1,-1,-1
ram-on_SkyTube,https://github.com/ram-on/SkyTube,An open-source YouTube app for Android.,18994,577,577,Java,200,1765,83,-1,-1,-1
emfcamp_Mk4-Apps,https://github.com/emfcamp/Mk4-Apps,Apps to download and run on the Mk4 badge,2120,49,49,Python,122,526,87,-1,-1,-1
yeastgenome_SGDFrontend,https://github.com/yeastgenome/SGDFrontend,Front-end code for SGD,108891,6,6,JavaScript,3,7627,37,-1,-1,-1
pytest-dev_pytest-cov,https://github.com/pytest-dev/pytest-cov,Coverage plugin for pytest.,677,569,569,Python,109,847,77,-1,-1,-1
nimzco_confs.tech,https://github.com/nimzco/confs.tech,List of tech conferences: JavaScript / Design - CSS - UX / Ruby - iOS - Android,5309,1,1,JavaScript,1,633,26,-1,-1,-1
FundacionParaguaya_ps-advisor-app,https://github.com/FundacionParaguaya/ps-advisor-app,Deprecated ‚õîÔ∏è Android application for social workers applying the Poverty Stoplight. ,3383,1,1,Java,0,1546,11,-1,-1,-1
jindrapetrik_jpexs-decompiler,https://github.com/jindrapetrik/jpexs-decompiler,JPEXS Free Flash Decompiler,112884,1651,1651,Java,322,4783,42,-1,-1,-1
sam-310879_gprMAx,https://github.com/sam-310879/gprMAx,,47487,0,0,Python,0,1671,20,-1,-1,-1
flyve-mdm_android-inventory-agent,https://github.com/flyve-mdm/android-inventory-agent,Flyve MDM Inventory Agent,11531,34,34,Java,20,2110,28,-1,-1,-1
Shopify_buy-button-js,https://github.com/Shopify/buy-button-js,BuyButton.js is a highly customizable UI library for adding ecommerce functionality to any website.,2288,101,101,JavaScript,43,2211,47,-1,-1,-1
attikis_HiggsAnalysis,https://github.com/attikis/HiggsAnalysis,,109529,1,1,Python,3,14286,151,-1,-1,-1
collective_collective.cover,https://github.com/collective/collective.cover,"A sane, working, editor-friendly way of creating front pages and other composite pages. Working now, for mere mortals.",7546,44,44,Python,56,3585,96,-1,-1,-1
googleads_googleads-mobile-android-mediation,https://github.com/googleads/googleads-mobile-android-mediation,Sample Android project showcasing how to build a mediation adapter or custom event for the Google Mobile Ads SDK.,2780,87,87,Java,79,657,79,-1,-1,-1
opencomponents_oc,https://github.com/opencomponents/oc,"OpenComponents, serverless in the front-end world for painless micro-frontends delivery",4708,690,690,JavaScript,83,3519,86,-1,-1,-1
slacmshankar_epicsarchiverap,https://github.com/slacmshankar/epicsarchiverap,This is an implementation of an archiver for EPICS control systems that aims to archive millions of PVs. ,76587,11,11,Java,18,584,20,-1,-1,-1
intel_fMBT,https://github.com/intel/fMBT,Free Model Based tool,9455,86,86,Python,46,3433,37,-1,-1,-1
OraOpenSource_apex-nitro,https://github.com/OraOpenSource/apex-nitro,Your essential APEX companion,19835,96,96,JavaScript,21,504,16,-1,-1,-1
tl-its-umich-edu_my-learning-analytics,https://github.com/tl-its-umich-edu/my-learning-analytics,My Learning Analytics Project,973,8,8,Python,15,1017,22,-1,-1,-1
B3Partners_b3p-gt2-modules,https://github.com/B3Partners/b3p-gt2-modules,B3P GeoTools adapter modules,1948,0,0,Java,0,539,14,-1,-1,-1
henghengxqc_marbles-20180815015648210,https://github.com/henghengxqc/marbles-20180815015648210,Created for toolchain: https://console.ng.bluemix.net/devops/toolchains/a83e8839-4bf1-464b-9fdf-ad4a5c864aab?env_id=ibm%3Ayp%3Aus-south,44004,0,0,JavaScript,0,1180,40,-1,-1,-1
coreemu_core,https://github.com/coreemu/core,Common Open Research Emulator,6576,201,201,Python,56,2118,48,-1,-1,-1
styled-components_stylelint-processor-styled-components,https://github.com/styled-components/stylelint-processor-styled-components,Lint your styled components with stylelint!,773,504,504,JavaScript,43,676,45,-1,-1,-1
StataBS_indikatoren,https://github.com/StataBS/indikatoren,"Portal f√ºr Statistische Indikatoren des Kantons Basel-Stadt, Schweiz.",101981,2,2,JavaScript,12,3075,70,-1,-1,-1
bernardo9999_marbles-20180802133956788,https://github.com/bernardo9999/marbles-20180802133956788,Created for toolchain: https://console.ng.bluemix.net/devops/toolchains/06781546-c436-4b30-83f3-8fcd6f99d05c?env_id=ibm%3Ayp%3Aus-south,43979,0,0,JavaScript,0,1178,39,-1,-1,-1
COMP30022-18_NaviBee,https://github.com/COMP30022-18/NaviBee,"NaviBee is a Location-based Android smartphone app designed for elderly people, which is the group project of Unimelb COMP30022 IT Project",75324,9,9,Java,4,770,13,-1,-1,-1
reactjs_gu.reactjs.org,https://github.com/reactjs/gu.reactjs.org,(Work in progress) React documentation website in Gujarati,71758,5,5,JavaScript,14,4475,1261,-1,-1,-1
bendisposto_prob2-ui,https://github.com/bendisposto/prob2-ui,,11073,2,2,Java,1,7813,42,-1,-1,-1
flaggo_pydu,https://github.com/flaggo/pydu,Useful data structures and utils for Python,355,248,248,Python,27,559,13,-1,-1,-1
smcclatchy_2019-06-06-r-bh,https://github.com/smcclatchy/2019-06-06-r-bh,,3111,0,0,Python,0,1499,160,-1,-1,-1
scala-js_scala-js-website,https://github.com/scala-js/scala-js-website,Source for https://www.scala-js.org/,3705,252,252,JavaScript,122,1050,172,-1,-1,-1
openstack_sahara-plugin-mapr,https://github.com/openstack/sahara-plugin-mapr,MapR provisioning plugin for Sahara,2437,2,2,Python,0,3182,104,-1,-1,-1
oneplus-x_RAT-packs,https://github.com/oneplus-x/RAT-packs,,22449,0,0,Java,0,5709,175,-1,-1,-1
digitalbazaar_jsonld-signatures,https://github.com/digitalbazaar/jsonld-signatures,An implementation of the Linked Data Signatures specification for JSON-LD. Works in the browser and node.js.,496,68,68,JavaScript,27,702,19,-1,-1,-1
ruilongjing_emberjs,https://github.com/ruilongjing/emberjs,,2110,0,0,JavaScript,0,923,68,-1,-1,-1
1hakr_AnExplorer,https://github.com/1hakr/AnExplorer,"üìÅ Another Android Explorer ( File Manager ) is an All-in-One Open source file manager. AnExplorer File Manager (File Explorer) is designed for all android devices including Phones, Phablets, Tablets, Chromecast, Wear OS, Android TV and Chromebooks. It's a fully designed with Material guidelines by Google.",15242,1085,1085,Java,447,597,13,-1,-1,-1
mozilla-iam_sso-dashboard,https://github.com/mozilla-iam/sso-dashboard,A python flask implementation of an SSO dashboard.  OIDC for authentication and message bus for alert pipelines.,5300,14,14,Python,31,828,37,-1,-1,-1
Geoportail-Luxembourg_geoportailv3,https://github.com/Geoportail-Luxembourg/geoportailv3,geoportailv3 is the implementation of the v3 of the map viewer of the luxembourgish geoportal,300322,16,16,JavaScript,9,5565,28,-1,-1,-1
j-white_opennms,https://github.com/j-white/opennms,,429656,2,2,Java,1,52297,241,-1,-1,-1
appium_python-client,https://github.com/appium/python-client,Python language bindings for Appium,22325,875,875,Python,381,746,70,-1,-1,-1
Countly_countly-sdk-android,https://github.com/Countly/countly-sdk-android,Countly Product Analytics Android SDK,5407,569,569,Java,259,641,32,-1,-1,-1
KorAP_Koral,https://github.com/KorAP/Koral,:pencil: Translation of query languages to serialized KoralQuery protocol,1595,9,9,Java,2,699,14,-1,-1,-1
danliris_dl-ui,https://github.com/danliris/dl-ui,Dan Liris ui with Aurelia,10327,2,2,JavaScript,43,7833,68,-1,-1,-1
ssnsingapore_ssn-app,https://github.com/ssnsingapore/ssn-app,"SSN Project Portal App, for TechLadies Bootcamp 4",7463,1,1,JavaScript,0,1032,19,-1,-1,-1
scylladb_scylla-jmx,https://github.com/scylladb/scylla-jmx,Scylla JMX proxy,741,22,22,Java,15,643,31,-1,-1,-1
27prohub_impacket,https://github.com/27prohub/impacket,,3530,0,0,Python,0,4093,88,-1,-1,-1
googlefonts_glyphsLib,https://github.com/googlefonts/glyphsLib,A bridge from Glyphs source files (.glyphs) to UFOs,4499,63,63,Python,28,1852,38,-1,-1,-1
graknlabs_grakn,https://github.com/graknlabs/grakn,Grakn Core: The Knowledge Graph,79713,1650,1650,Java,201,20936,96,-1,-1,-1
moment_momentjs.com,https://github.com/moment/momentjs.com,The website for momentjs,14185,512,512,JavaScript,679,1717,370,-1,-1,-1
davidg95_JTillServer,https://github.com/davidg95/JTillServer,JTill Server repository.,162555,0,0,Java,0,1006,5,-1,-1,-1
dyn4j_dyn4j,https://github.com/dyn4j/dyn4j,Java Collision Detection and Physics Engine,9698,209,209,Java,50,787,15,-1,-1,-1
buildo_avenger,https://github.com/buildo/avenger,"A CQRS-flavoured data fetching and caching layer in JavaScript.  Batching, caching, data-dependencies and manual invalidations in a declarative fashion for Node and the browser",1207,26,26,JavaScript,1,871,16,-1,-1,-1
da-x_rust-featurewise-slides-1,https://github.com/da-x/rust-featurewise-slides-1,,7871,0,0,JavaScript,0,0,0,-1,-1,-1
pangolinjs_core,https://github.com/pangolinjs/core,The Pangolin core that drives everything,8987,10,10,JavaScript,3,801,4,-1,-1,-1
leapfrogtechnology_chill,https://github.com/leapfrogtechnology/chill,Chill - A simple service monitoring tool.,1932,18,18,JavaScript,11,561,22,-1,-1,-1
vitalize_hyperfit,https://github.com/vitalize/hyperfit,Hyperfit is library for consuming the resources & hypermedia controls of RESTful Applications & Hypermedia APIs inspired by Retrofit,680,0,0,Java,1,1122,39,-1,-1,-1
OasisLMF_OasisPlatform,https://github.com/OasisLMF/OasisPlatform,Loss modelling platform.,65171,13,13,Python,5,1267,39,-1,-1,-1
MolSSI_QCFractal,https://github.com/MolSSI/QCFractal,A distributed compute and database platform for quantum chemistry. ,5392,53,53,Python,16,1612,26,-1,-1,-1
Nastel_JESL,https://github.com/Nastel/JESL,"jKool Event Streaming Library -- telemetry collection, simulation and streaming to jKool enabled servers, jKool Cloud.",672,3,3,Java,0,540,13,-1,-1,-1
guillaumepiot_cotidia-admin,https://github.com/guillaumepiot/cotidia-admin,,20569,1,1,Python,0,1070,5,-1,-1,-1
wkentaro_labelme,https://github.com/wkentaro/labelme,"Image Polygonal Annotation with Python (polygon, rectangle, circle, line, point and image-level flag annotation).",40078,2839,2839,Python,966,1997,50,-1,-1,-1
mvr07_ruto,https://github.com/mvr07/ruto,,13418,0,0,JavaScript,0,5058,156,-1,-1,-1
Patternslib_Patterns,https://github.com/Patternslib/Patterns,Library for quickly applying rich interaction patterns without the need to write any JavaScript.,53070,94,94,JavaScript,38,8751,113,-1,-1,-1
Marco9412_ExoPlayer,https://github.com/Marco9412/ExoPlayer,A fork of google Exoplayer with prebuilt extensions (flac),27234,0,0,Java,0,4897,171,-1,-1,-1
peershares-org_storj-mobile,https://github.com/peershares-org/storj-mobile,,12925,0,0,JavaScript,0,722,16,-1,-1,-1
qub-it_fenixedu-treasury,https://github.com/qub-it/fenixedu-treasury,Bennu module for FenixEDU Treasury,8501,0,0,Java,2,1280,18,-1,-1,-1
TalaoDAO_talao-contracts,https://github.com/TalaoDAO/talao-contracts,Talao smart contracts,3961,1,1,JavaScript,0,659,7,-1,-1,-1
DeepaKushtagi_marbles-20181031022418907,https://github.com/DeepaKushtagi/marbles-20181031022418907,Created for toolchain: https://console.bluemix.net/devops/toolchains/c6144b5a-52a2-4e37-9050-46c723e5a620?env_id=ibm%3Ayp%3Aus-south,44017,0,0,JavaScript,0,1185,42,-1,-1,-1
thumbor_thumbor,https://github.com/thumbor/thumbor,thumbor is an open-source photo thumbnail service by globo.com,47223,6981,6981,Python,623,2838,249,-1,-1,-1
graphitejs_server,https://github.com/graphitejs/server,Framework NodeJS for GraphQl,4621,106,106,JavaScript,10,856,8,-1,-1,-1
cheminfo-js_visualizer-helper,https://github.com/cheminfo-js/visualizer-helper,Small pieces of code useful in the visualizer,1165,0,0,JavaScript,1,1311,17,-1,-1,-1
Lumia1520xzq_data,https://github.com/Lumia1520xzq/data,Êï∞ÊçÆ,6596,0,0,JavaScript,0,1123,15,-1,-1,-1
c3e_site,https://github.com/c3e/site,Die Chaospottseite,131108,5,5,JavaScript,1,659,39,-1,-1,-1
cobbzilla_cobbzilla-wizard,https://github.com/cobbzilla/cobbzilla-wizard,a framework for building rest applications,1855,2,2,Java,5,1423,12,-1,-1,-1
torakiki_sambox,https://github.com/torakiki/sambox,A PDFBox fork intended to be used as PDF processor for Sejda and PDFsam,80668,21,21,Java,11,4849,25,-1,-1,-1
davidam_damegender,https://github.com/davidam/damegender,Experiments about gender detection from names,69677,6,6,Python,1,742,4,-1,-1,-1
RegardsOss_regards-admin,https://github.com/RegardsOss/regards-admin,,38892,2,2,Java,0,1096,25,-1,-1,-1
JBakamovic_cxxd,https://github.com/JBakamovic/cxxd,C/C++ language server implemented on top of Clang frontend.,615,62,62,Python,3,1475,10,-1,-1,-1
v-shmyhlo_retinanet-tensorflow,https://github.com/v-shmyhlo/retinanet-tensorflow,Implementation of RetinaNet in TensorFlow,1126,19,19,Python,6,604,1,-1,-1,-1
treasure-data_digdag,https://github.com/treasure-data/digdag,Workload Automation System,80429,773,773,Java,132,5077,112,-1,-1,-1
2infinity-gh_electrum-gravitycoin,https://github.com/2infinity-gh/electrum-gravitycoin,Lightweight wallet for Gravitycoin,15196,0,0,Python,0,8622,269,-1,-1,-1
ZRunner_ZBot,https://github.com/ZRunner/ZBot,A Discord bot made in Python3,1060,2,2,Python,2,848,6,-1,-1,-1
egor5q_sapozhnik,https://github.com/egor5q/sapozhnik,,654,0,0,Python,0,920,5,-1,-1,-1
metric-learn_metric-learn,https://github.com/metric-learn/metric-learn,Metric learning algorithms in Python,2836,720,720,Python,171,1062,35,-1,-1,-1
uk-gov-dft_bluebadge-applications-service,https://github.com/uk-gov-dft/bluebadge-applications-service,bluebadge-applications-service,3261,0,0,Java,0,551,23,-1,-1,-1
DEAP_deap,https://github.com/DEAP/deap,Distributed Evolutionary Algorithms in Python,10465,2976,2976,Python,639,3779,116,-1,-1,-1
bpeabody_git-meta,https://github.com/bpeabody/git-meta,BETA: Repository for the git-meta project -- effectively manage many repositories with Git submodules,3382,1,1,JavaScript,1,1287,20,-1,-1,-1
UCSBCarpentry_2019-01-xx-UCSB-Library,https://github.com/UCSBCarpentry/2019-01-xx-UCSB-Library,UCSB Collaboratory default Carpentry Workshop,3073,0,0,Python,0,1450,154,-1,-1,-1
Varskin_mod,https://github.com/Varskin/mod,,661,0,0,Python,0,859,19,-1,-1,-1
Kinto_kinto.js,https://github.com/Kinto/kinto.js,An Offline-First JavaScript Client for Kinto.,13752,228,228,JavaScript,55,2492,64,-1,-1,-1
biolab_orange3-text,https://github.com/biolab/orange3-text,üçä :page_facing_up: Text Mining add-on for Orange3,38998,61,61,Python,43,1352,41,-1,-1,-1
HarriBellThomas_adaptive-js,https://github.com/HarriBellThomas/adaptive-js,,656,0,0,JavaScript,0,709,5,-1,-1,-1
foxcarlos_foxbot,https://github.com/foxcarlos/foxbot,Bot Telegram funciones varias,99245,1,1,Python,0,752,4,-1,-1,-1
eugene-matvejev_react-battleship,https://github.com/eugene-matvejev/react-battleship,GUI for https://github.com/eugene-matvejev/node-battleship,2126,7,7,JavaScript,2,0,0,-1,-1,-1
esy_esy,https://github.com/esy/esy,package.json workflow for native development with Reason/OCaml,10171,526,526,JavaScript,48,6156,52,-1,-1,-1
oVirt_cockpit-ovirt,https://github.com/oVirt/cockpit-ovirt,"This is a mirror for http://gerrit.ovirt.org, for issues use http://bugzilla.redhat.com",4021,2,2,JavaScript,1,1358,31,-1,-1,-1
Akki01_emc-neu,https://github.com/Akki01/emc-neu,,3795,0,0,Python,0,1546,57,-1,-1,-1
oltpbenchmark_oltpbench,https://github.com/oltpbenchmark/oltpbench,Database Benchmarking Framework,83589,237,237,Java,183,2300,124,-1,-1,-1
BCV-Uniandes_DMS,https://github.com/BCV-Uniandes/DMS,"Dynamic Multimodal Instance Segmentation Guided by Natural Language Queries, ECCV 2018",1923,35,35,Python,4,684,9,-1,-1,-1
Minecrell_ServerListPlus,https://github.com/Minecrell/ServerListPlus,A flexible Minecraft plugin to customize the appearance of your server in the server list,1972,79,79,Java,33,858,16,-1,-1,-1
AlejandroMonteseirin_AIM-GAMES-PLATFORM,https://github.com/AlejandroMonteseirin/AIM-GAMES-PLATFORM,The reference plataform for game-making resources,13695,0,0,JavaScript,2,718,18,-1,-1,-1
gallantlab_pycortex,https://github.com/gallantlab/pycortex,Pycortex is a python-based toolkit for surface visualization of fMRI data,153797,300,300,JavaScript,99,2458,74,-1,-1,-1
freshesx_mogul,https://github.com/freshesx/mogul,"Mogul based React, MobX & AntDesign framework",3517,63,63,JavaScript,5,524,9,-1,-1,-1
sonofmaw_LiveTiming,https://github.com/sonofmaw/LiveTiming,,175377,0,0,JavaScript,0,1153,6,-1,-1,-1
statonlab_Treesnap-mobile,https://github.com/statonlab/Treesnap-mobile,,202798,2,2,JavaScript,0,1390,10,-1,-1,-1
exedio_cops,https://github.com/exedio/cops,A small framework for building web applications. Is typically used in combination with jspm.,50746,1,1,Java,0,863,8,-1,-1,-1
maritime-web_BalticWeb,https://github.com/maritime-web/BalticWeb,,124806,3,3,JavaScript,2,2855,19,-1,-1,-1
amperser_proselint,https://github.com/amperser/proselint,A linter for prose.,4347,3125,3125,Python,138,2497,106,-1,-1,-1
tavareshugo_2019-01-29-EMBL,https://github.com/tavareshugo/2019-01-29-EMBL,Into to R - Data Carpentry course EMBL 29-31 Jan 2019,3106,1,1,Python,0,1457,155,-1,-1,-1
pydicom_pydicom,https://github.com/pydicom/pydicom,"Read, modify and write DICOM files with python code",27102,688,688,Python,265,2991,113,-1,-1,-1
EAboelhamd_Code,https://github.com/EAboelhamd/Code,Created for toolchain: https://console.eu-gb.bluemix.net/devops/toolchains/265cbdc5-38df-4544-a19b-7c10485c812d?env_id=ibm%3Ayp%3Aeu-gb,44028,0,0,JavaScript,1,1189,42,-1,-1,-1
openMF_android-client,https://github.com/openMF/android-client,An android client for the MifosX platform,101450,109,109,Java,357,6607,310,-1,-1,-1
deltaproject_Delta,https://github.com/deltaproject/Delta,"üìö Een moderne versie van Magister, gemaakt voor leerlingen.",3102,5,5,JavaScript,1,657,3,-1,-1,-1
C3Devs_wanmask-extension,https://github.com/C3Devs/wanmask-extension,WanMask,31378,0,0,JavaScript,1,7926,152,-1,-1,-1
andcards_binary-ui,https://github.com/andcards/binary-ui,:nail_care: Simple UI Components for React and React Native.,25913,64,64,JavaScript,6,511,8,-1,-1,-1
